X,Y,Z,Roll,Pitch,Yaw
0.175,0.05,0.279904,0,1.0472,0
0.261603,0.1,0.229904,0,1.0472,0
0.348205,0.15,0.179904,0,1.0472,0
0.434808,0.2,0.129904,0,1.0472,0
0.52141,0.25,0.0799038,0,1.0472,0
0.608013,0.3,0.0299038,0,1.0472,0
0.694615,0.35,-0.0200962,0,1.0472,0
0.781218,0.4,-0.0700962,0,1.0472,0
0.86782,0.45,-0.120096,0,1.0472,0
0.954423,0.5,-0.170096,0,1.0472,0
